,Métrica,Valor
0,Mean Absolute Error (MAE),1.1889312977099236
1,Mean Squared Error (MSE),3.256679389312977
2,Root Mean Squared Error (RMSE),1.8046272161621018
3,R² Score,0.5396776941826914
4,Explained Variance,0.5411237204417869
