,Métrica,Valor
0,Mean Absolute Error (MAE),1.083969465648855
1,Mean Squared Error (MSE),3.0782442748091605
2,Root Mean Squared Error (RMSE),1.7544925975361538
3,R² Score,0.5708572983687528
4,Explained Variance,0.5708755767855983
