,Métrica,Valor
0,Mean Absolute Error (MAE),1.0973282442748091
1,Mean Squared Error (MSE),3.071564885496183
2,Root Mean Squared Error (RMSE),1.7525880535642662
3,R² Score,0.5459482333027716
4,Explained Variance,0.5459487716755614
