,Métrica,Valor
0,Mean Absolute Error (MAE),1.138505493643037
1,Mean Squared Error (MSE),2.857602327186304
2,Root Mean Squared Error (RMSE),1.6904444170650226
3,R² Score,0.5953425378257926
4,Explained Variance,0.5968952728910957
