,Métrica,Valor
0,Mean Absolute Error (MAE),1.1473972997781825
1,Mean Squared Error (MSE),2.9191637046186742
2,Root Mean Squared Error (RMSE),1.7085560291130855
3,R² Score,0.5836593699512217
4,Explained Variance,0.5854241487714014
