,Métrica,Valor
0,Mean Absolute Error (MAE),1.1294529262086512
1,Mean Squared Error (MSE),2.5581536848553386
2,Root Mean Squared Error (RMSE),1.5994229224490122
3,R² Score,0.5967843750746681
4,Explained Variance,0.5991088105479128
