,Métrica,Valor
0,Mean Absolute Error (MAE),1.1436299026059489
1,Mean Squared Error (MSE),2.724780341469171
2,Root Mean Squared Error (RMSE),1.6506908679305072
3,R² Score,0.4963853273707177
4,Explained Variance,0.4992004423060298
