,Métrica,Valor
0,Mean Absolute Error (MAE),1.1422623178348368
1,Mean Squared Error (MSE),2.6956160494606016
2,Root Mean Squared Error (RMSE),1.6418331369114834
3,R² Score,0.5262334725926809
4,Explained Variance,0.529009445857852
