,Métrica,Valor
0,Mean Absolute Error (MAE),18.85869334351145
1,Mean Squared Error (MSE),1698.1953834803446
2,Root Mean Squared Error (RMSE),41.209166255583774
3,R² Score,-0.03309453492709569
4,Explained Variance,-0.024480633706109645
