,Métrica,Valor
0,Mean Absolute Error (MAE),18.924048679389315
1,Mean Squared Error (MSE),1711.3224206548005
2,Root Mean Squared Error (RMSE),41.368132912361425
3,R² Score,-0.019339704959298487
4,Explained Variance,-0.012356447127181758
