,Métrica,Valor
0,Mean Absolute Error (MAE),18.782950404580152
1,Mean Squared Error (MSE),1626.7647652256821
2,Root Mean Squared Error (RMSE),40.33317202038146
3,R² Score,0.18667396502084999
4,Explained Variance,0.18678503683979497
