,Métrica,Valor
0,Mean Absolute Error (MAE),18.76390646564886
1,Mean Squared Error (MSE),1702.4412935410453
2,Root Mean Squared Error (RMSE),41.260650667931124
3,R² Score,-0.013695546119801172
4,Explained Variance,-0.005916603495413009
