,Métrica,Valor
0,Mean Absolute Error (MAE),18.90024375572519
1,Mean Squared Error (MSE),1651.3349346829343
2,Root Mean Squared Error (RMSE),40.63662061100719
3,R² Score,0.0331773535354144
4,Explained Variance,0.03945580479529098
