,Métrica,Valor
0,Mean Absolute Error (MAE),22.575739741954546
1,Mean Squared Error (MSE),1941.2509049298753
2,Root Mean Squared Error (RMSE),44.05962896949855
3,R² Score,-0.15383401501732696
4,Explained Variance,-0.15097915677962148
