,Métrica,Valor
0,Mean Absolute Error (MAE),23.133442882682946
1,Mean Squared Error (MSE),1999.18812325186
2,Root Mean Squared Error (RMSE),44.71228157063627
3,R² Score,-0.18318082648405976
4,Explained Variance,-0.17783255139986642
