,Métrica,Valor
0,Mean Absolute Error (MAE),23.867255822789673
1,Mean Squared Error (MSE),2106.5530009200256
2,Root Mean Squared Error (RMSE),45.897200360370846
3,R² Score,-0.08698996046682073
4,Explained Variance,-0.07240281877806276
