,Métrica,Valor
0,Mean Absolute Error (MAE),18.518968057205992
1,Mean Squared Error (MSE),1492.7398870616782
2,Root Mean Squared Error (RMSE),38.63599211954675
3,R² Score,0.13368362715173143
4,Explained Variance,0.14371716109949106
