,Métrica,Valor
0,Mean Absolute Error (MAE),19.35884681238338
1,Mean Squared Error (MSE),1692.0229018721586
2,Root Mean Squared Error (RMSE),41.13420598324658
3,R² Score,-0.10798453670099217
4,Explained Variance,-0.10204736407614834
