,Métrica,Valor
0,Mean Absolute Error (MAE),20.179752500624566
1,Mean Squared Error (MSE),1725.8134699166783
2,Root Mean Squared Error (RMSE),41.54291118730942
3,R² Score,-0.29722306632208473
4,Explained Variance,-0.2919897940100842
