,Métrica,Valor
0,Mean Absolute Error (MAE),19.582982398657535
1,Mean Squared Error (MSE),1688.887091985994
2,Root Mean Squared Error (RMSE),41.0960714909101
3,R² Score,-0.2744587713094937
4,Explained Variance,-0.26745664074985
